accent,combined_len
no_info,0.1817643854885094
Казан,0.26359375
Казан арты татарлары акценты,0.22683823529411762
Мишар,0.18904237288135595
