gender,combined_len
female_feminine,0.18523657194480947
male_masculine,0.1723646795753198
no_info,0.18621852000959502
