age,combined_len
fifties,0.19962778315585672
fourties,0.2425911016949153
no_info,0.18621852000959502
seventies,0.17719333451202263
teens,0.21655288461538463
thirties,0.17220343861832893
twenties,0.16780726522943037
