accent,duration
no_info,0.10146638459754531
Казан,0.12564766839378239
Казан арты татарлары акценты,0.12292079207920789
Мишар,0.11386184210526318
