gender,duration
female_feminine,0.1042014933880529
male_masculine,0.09475369599462694
no_info,0.1044308892378442
