age,duration
fifties,0.11614555142083897
fourties,0.12945833333333334
no_info,0.1044308892378442
seventies,0.09325157748611812
teens,0.11765112179487178
thirties,0.09328727785002168
twenties,0.09550950527045769
