context,combined_len
back,0.1860286216127056
front,0.17758989453870916
