vowel,duration
a,0.11469602404148334
e,0.07343772953118739
i,0.09331451298701299
o,0.062473035439137146
u,0.09006386895770392
y,0.08640806826997673
ø,0.06553308823529413
ɑ,0.11697674252011561
ɤ,0.07057356389420012
ɯ,0.16569169960474306
