consonant,duration
b,0.0966894502228826
d,0.06882657137784091
f,0.13195652173913042
h,0.13846808510638298
j,0.1224852754491018
k,0.13043063002773925
l,0.07129183562071116
m,0.08461843442900711
n,0.10088534980266044
p,0.09496460481099657
r,0.1016140684600272
s,0.14671005154639177
t,0.10478208199884236
w,0.08089935760171305
x,0.14549371633752245
z,0.09950227920227919
ŋ,0.10838399071925754
ɡ,0.07624789491411249
ʃ,0.13564529096477795
ʒ,0.09619047619047619
ʔ,0.052055749128919866
