gender,duration
female_feminine,0.09584537507471608
male_masculine,0.09072231426980591
no_info,0.09703576272051319
