age,duration
fifties,0.10389345711759505
fourties,0.09738104838709677
no_info,0.09703576272051319
seventies,0.0957286525974026
teens,0.11747305140961858
thirties,0.09082404323175054
twenties,0.08661053645739099
