accent,duration
no_info,0.09486497285876809
Казан,0.15381250000000002
Казан арты татарлары акценты,0.10996575342465756
Мишар,0.112530303030303
